[{"id":"0203b74f-8a97-4bfe-8c7d-bb37b4353a07","name":"侄女","photo":null,"thumbnailPhoto":null,"birthYear":"","contact":"","notes":"","timestamp":"2025/3/16 17:05:46","histories":[]},{"id":"0c623c1a-8ec6-477c-ba81-8be90ec0e1be","name":"叔叔","photo":null,"thumbnailPhoto":null,"birthYear":"","contact":"","notes":"","timestamp":"2025/3/16 16:48:19","histories":[]},{"id":"1b2b0d08-92f4-4022-b9cb-de9eb38d8a48","name":"爷爷","photo":null,"thumbnailPhoto":null,"birthYear":"","contact":"","notes":"","timestamp":"2025/3/16 17:00:38","histories":[]},{"id":"2741a52d-d025-4f6c-81c9-1ebccac84380","name":"奶奶","photo":null,"thumbnailPhoto":null,"birthYear":"","contact":"","notes":"","timestamp":"2025/3/16 17:00:46","histories":[]},{"id":"299555b2-8d21-4f37-aab9-7b0d70546539","name":"嫂子","photo":null,"thumbnailPhoto":null,"birthYear":"","contact":"","notes":"","timestamp":"2025/3/16 16:50:49","histories":[]},{"id":"3424fe1c-62f4-4bec-8fd6-005e1d9dcb77","name":"父亲","photo":null,"thumbnailPhoto":null,"birthYear":"","contact":"","notes":"","timestamp":"2025/3/16 16:46:53","histories":[]},{"id":"34af56ed-cb4a-4619-bd20-7bfb828f98ce","name":"儿子","photo":null,"thumbnailPhoto":null,"birthYear":"","contact":"","notes":"","timestamp":"2025/3/16 17:10:34","histories":[]},{"id":"3a02d038-3876-40f8-bd2f-1347f1cd6a77","name":"舅舅","photo":null,"thumbnailPhoto":null,"birthYear":"","contact":"","notes":"","timestamp":"2025/3/16 16:48:31","histories":[]},{"id":"3dfd7b63-0a30-4fa0-8b24-a689b49ccfe1","name":"侄子","photo":null,"thumbnailPhoto":null,"birthYear":"","contact":"","notes":"","timestamp":"2025/3/16 17:05:29","histories":[]},{"id":"3f7c40b5-e555-42db-94b6-b08d43cf79d9","name":"外婆","photo":null,"thumbnailPhoto":null,"birthYear":"","contact":"","notes":"","timestamp":"2025/3/16 17:00:31","histories":[]},{"id":"4118762e-f3d0-479c-8f23-cd8c4e250e28","name":"舅母","photo":null,"thumbnailPhoto":null,"birthYear":"","contact":"","notes":"","timestamp":"2025/3/16 16:49:24","histories":[]},{"id":"4610ef3a-2ad7-437a-96b1-eae29e05445c","name":"外甥女","photo":null,"thumbnailPhoto":null,"birthYear":"","contact":"","notes":"","timestamp":"2025/3/16 17:05:59","histories":[]},{"id":"622d27cd-b858-49a7-a12c-1fd09069804a","name":"同学","photo":null,"thumbnailPhoto":null,"birthYear":"","contact":"","notes":"","timestamp":"2025/3/16 17:05:19","histories":[]},{"id":"76e3b866-afba-4f1d-b54c-ea993e6ff763","name":"姨姨","photo":null,"thumbnailPhoto":null,"birthYear":"","contact":"","notes":"","timestamp":"2025/3/16 16:48:49","histories":[]},{"id":"85797cb4-4aab-4e0b-94ac-2f91e19b1856","name":"堂弟","photo":null,"thumbnailPhoto":null,"birthYear":"","contact":"","notes":"","timestamp":"2025/3/16 16:50:16","histories":[]},{"id":"860efb5d-3bc0-46e7-9960-89fb5852fed9","name":"表妹","photo":null,"thumbnailPhoto":null,"birthYear":"","contact":"","notes":"","timestamp":"2025/3/16 16:50:42","histories":[]},{"id":"980186e6-e11a-44ff-998b-f7bd5812c29c","name":"母亲","photo":null,"thumbnailPhoto":null,"birthYear":"","contact":"","notes":"","timestamp":"2025/3/16 16:47:09","histories":[]},{"id":"9abac529-bf0a-4a9d-af3d-93a88373f7a3","name":"姐夫","photo":null,"thumbnailPhoto":null,"birthYear":"","contact":"","notes":"","timestamp":"2025/3/16 16:51:01","histories":[]},{"id":"a4f8e844-354b-4d29-86ce-b59d0549aba1","name":"姑父","photo":null,"thumbnailPhoto":null,"birthYear":"","contact":"","notes":"","timestamp":"2025/3/16 16:49:15","histories":[]},{"id":"a5770e8f-aa35-439f-85ed-f921d1178e7d","name":"哥哥","photo":null,"thumbnailPhoto":null,"birthYear":"","contact":"","notes":"","timestamp":"2025/3/16 16:47:16","histories":[]},{"id":"a6a4beb1-afac-4fec-a6fc-50302cd6485c","name":"我","photo":null,"thumbnailPhoto":null,"birthYear":"","contact":"","notes":"啥也不是","timestamp":"2025/3/16 16:45:24","histories":[]},{"id":"af9fd42d-426c-4688-848a-fa538438dbbe","name":"外甥","photo":null,"thumbnailPhoto":null,"birthYear":"","contact":"","notes":"","timestamp":"2025/3/16 17:05:53","histories":[]},{"id":"b9cfd98a-8b50-4b45-81d8-e4d555498858","name":"女儿","photo":null,"thumbnailPhoto":null,"birthYear":"","contact":"","notes":"","timestamp":"2025/3/16 17:10:40","histories":[]},{"id":"bf0b707e-3dec-4fde-8844-b5e25ff4f2a3","name":"伯父","photo":null,"thumbnailPhoto":null,"birthYear":"","contact":"","notes":"","timestamp":"2025/3/16 16:47:58","histories":[]},{"id":"d3f6d665-dfb6-40de-b90d-f554ec5e387d","name":"婶婶","photo":null,"thumbnailPhoto":null,"birthYear":"","contact":"","notes":"","timestamp":"2025/3/16 16:48:25","histories":[]},{"id":"d6b0f4f9-5703-49aa-8870-e492581e7902","name":"姐姐","photo":null,"thumbnailPhoto":null,"birthYear":"","contact":"","notes":"","timestamp":"2025/3/16 16:47:52","histories":[]},{"id":"d7bc2d3b-3f79-4550-846c-076c40b3900c","name":"姑姑","photo":null,"thumbnailPhoto":null,"birthYear":"","contact":"","notes":"","timestamp":"2025/3/16 16:49:04","histories":[]},{"id":"d94df1e6-f4e9-4008-a0fc-62fa408a50ee","name":"伯母","photo":null,"thumbnailPhoto":null,"birthYear":"","contact":"","notes":"","timestamp":"2025/3/16 16:48:12","histories":[]},{"id":"e02f5402-43ca-4829-9f95-0eeaeb1b0be3","name":"妻子","photo":null,"thumbnailPhoto":null,"birthYear":"","contact":"","notes":"","timestamp":"2025/3/16 17:05:12","histories":[]},{"id":"e1b64156-fe83-472b-a598-28f7d9e2b3ee","name":"外公","photo":null,"thumbnailPhoto":null,"birthYear":"","contact":"","notes":"","timestamp":"2025/3/16 17:00:21","histories":[]},{"id":"e66190e3-33a4-40c9-b725-4edca5e3efd7","name":"姨父","photo":null,"thumbnailPhoto":null,"birthYear":"","contact":"","notes":"","timestamp":"2025/3/16 16:49:38","histories":[]}]